﻿Name,Created,Tags
Avocado,"December 30, 2020 12:37 PM",
Durian,"December 30, 2020 12:37 PM",
PB&J,"December 30, 2020 12:37 PM",
Peach Cobbler,"December 30, 2020 12:37 PM",
Pineapple,"December 30, 2020 12:37 PM",
Pomegranate,"December 30, 2020 12:37 PM",
Potato,"December 30, 2020 12:37 PM",
Saturday Night Out,"December 30, 2020 12:37 PM",
Self-Portrait,"December 30, 2020 12:37 PM",
Sushi,"December 30, 2020 12:37 PM",
Ultrafuture,"December 30, 2020 12:37 PM",
Page 2,"December 30, 2020 12:37 PM",